indicator,year,geography,fips,cases,rateper100000
AIDS prevalence,2018,Alabama,1,5892,143.3
AIDS prevalence,2017,Alabama,1,5730,139.89999
AIDS prevalence,2016,Alabama,1,5541,135.7
AIDS prevalence,2015,Alabama,1,5419,133.10001
AIDS prevalence,2014,Alabama,1,5390,132.8
AIDS prevalence,2013,Alabama,1,5225,129.2
AIDS prevalence,2012,Alabama,1,5045,125.5
AIDS prevalence,2011,Alabama,1,4842,121.1
AIDS prevalence,2010,Alabama,1,4436,111.4
AIDS prevalence,2009,Alabama,1,4104,105.3
AIDS prevalence,2008,Alabama,1,4020,103.8
AIDS prevalence,2007,Alabama,1,3841,100.1
AIDS prevalence,2006,Alabama,1,3663,96.300003
AIDS prevalence,2005,Alabama,1,3434,91.400002
AIDS prevalence,2004,Alabama,1,3227,86.599998
AIDS prevalence,2003,Alabama,1,3007,81.199997
AIDS prevalence,2002,Alabama,1,2776,75.5
AIDS prevalence,2001,Alabama,1,2621,71.599998
AIDS prevalence,2000,Alabama,1,2479,67.900002
AIDS prevalence,2018,Alaska,2,377,62.700001
AIDS prevalence,2017,Alaska,2,387,64.099998
AIDS prevalence,2016,Alaska,2,381,63
AIDS prevalence,2015,Alaska,2,364,60.5
AIDS prevalence,2014,Alaska,2,344,57.299999
AIDS prevalence,2013,Alaska,2,363,60.5
AIDS prevalence,2012,Alaska,2,371,62.599998
AIDS prevalence,2011,Alaska,2,377,64.5
AIDS prevalence,2010,Alaska,2,370,64
AIDS prevalence,2009,Alaska,2,319,56.400002
AIDS prevalence,2008,Alaska,2,318,56.900002
AIDS prevalence,2007,Alaska,2,318,57.400002
AIDS prevalence,2006,Alaska,2,305,55.599998
AIDS prevalence,2005,Alaska,2,288,53.299999
AIDS prevalence,2004,Alaska,2,272,51.099998
AIDS prevalence,2003,Alaska,2,249,47.900002
AIDS prevalence,2002,Alaska,2,236,46.299999
AIDS prevalence,2001,Alaska,2,232,46.400002
AIDS prevalence,2000,Alaska,2,220,44.700001
AIDS prevalence,2018,Arizona,4,7690,128.3
AIDS prevalence,2017,Arizona,4,7523,128.10001
AIDS prevalence,2016,Arizona,4,7369,127.7
AIDS prevalence,2015,Arizona,4,7279,128.5
AIDS prevalence,2014,Arizona,4,7160,128.60001
AIDS prevalence,2013,Arizona,4,6910,126.4
AIDS prevalence,2012,Arizona,4,6707,124.5
AIDS prevalence,2011,Arizona,4,6463,121.8
AIDS prevalence,2010,Arizona,4,6277,120
AIDS prevalence,2009,Arizona,4,5376,101.1
AIDS prevalence,2008,Arizona,4,5030,96.099998
AIDS prevalence,2007,Arizona,4,4685,91.400002
AIDS prevalence,2006,Arizona,4,4415,88.400002
AIDS prevalence,2005,Arizona,4,4160,86.300003
AIDS prevalence,2004,Arizona,4,3905,84
AIDS prevalence,2003,Arizona,4,3696,82
AIDS prevalence,2002,Arizona,4,3445,78.5
AIDS prevalence,2001,Arizona,4,3205,75.099998
AIDS prevalence,2000,Arizona,4,2977,71.599998
AIDS prevalence,2018,Arkansas,5,2569,102.5
AIDS prevalence,2017,Arkansas,5,2537,101.6
AIDS prevalence,2016,Arkansas,5,2459,99
AIDS prevalence,2015,Arkansas,5,2383,96.400002
AIDS prevalence,2014,Arkansas,5,2344,95.300003
AIDS prevalence,2013,Arkansas,5,2237,91.300003
AIDS prevalence,2012,Arkansas,5,2156,88.400002
AIDS prevalence,2011,Arkansas,5,2093,86.199997
AIDS prevalence,2010,Arkansas,5,2059,85.5
AIDS prevalence,2009,Arkansas,5,2017,85
AIDS prevalence,2008,Arkansas,5,1929,81.800003
AIDS prevalence,2007,Arkansas,5,1897,81.199997
AIDS prevalence,2006,Arkansas,5,1827,78.900002
AIDS prevalence,2005,Arkansas,5,1752,76.699997
AIDS prevalence,2004,Arkansas,5,1660,73.400002
AIDS prevalence,2003,Arkansas,5,1592,71.099998
AIDS prevalence,2002,Arkansas,5,1486,66.900002
AIDS prevalence,2001,Arkansas,5,1384,62.700001
AIDS prevalence,2000,Arkansas,5,1284,58.5
AIDS prevalence,2018,California,6,69686,211.3
AIDS prevalence,2017,California,6,69572,212
AIDS prevalence,2016,California,6,69158,212.10001
AIDS prevalence,2015,California,6,68407,211.5
AIDS prevalence,2014,California,6,67753,211.5
AIDS prevalence,2013,California,6,67552,213.10001
AIDS prevalence,2012,California,6,66580,212.2
AIDS prevalence,2011,California,6,65389,210.5
AIDS prevalence,2010,California,6,64320,209.2
AIDS prevalence,2009,California,6,64933,215.2
AIDS prevalence,2008,California,6,62720,210.2
AIDS prevalence,2007,California,6,60643,205.5
AIDS prevalence,2006,California,6,58725,200.7
AIDS prevalence,2005,California,6,56661,195.10001
AIDS prevalence,2004,California,6,54741,190.39999
AIDS prevalence,2003,California,6,52750,185.7
AIDS prevalence,2002,California,6,50290,179.39999
AIDS prevalence,2001,California,6,47774,172.8
AIDS prevalence,2000,California,6,45493,167.39999
AIDS prevalence,2018,Colorado,8,5427,113.2
AIDS prevalence,2017,Colorado,8,5302,112.5
AIDS prevalence,2016,Colorado,8,5285,114
AIDS prevalence,2015,Colorado,8,4963,109.2
AIDS prevalence,2014,Colorado,8,4804,108
AIDS prevalence,2013,Colorado,8,4696,107.5
AIDS prevalence,2012,Colorado,8,4618,107.6
AIDS prevalence,2011,Colorado,8,4504,106.7
AIDS prevalence,2010,Colorado,8,4334,104.4
AIDS prevalence,2009,Colorado,8,4385,106.4
AIDS prevalence,2008,Colorado,8,4211,104
AIDS prevalence,2007,Colorado,8,3988,100.4
AIDS prevalence,2006,Colorado,8,3799,97.400002
AIDS prevalence,2005,Colorado,8,3609,94.400002
AIDS prevalence,2004,Colorado,8,3418,90.599998
AIDS prevalence,2003,Colorado,8,3267,87.800003
AIDS prevalence,2002,Colorado,8,3097,84.099998
AIDS prevalence,2001,Colorado,8,2929,80.900002
AIDS prevalence,2000,Colorado,8,2798,79.300003
AIDS prevalence,2018,Connecticut,9,6352,207.2
AIDS prevalence,2017,Connecticut,9,6349,207.39999
AIDS prevalence,2016,Connecticut,9,6323,206.60001
AIDS prevalence,2015,Connecticut,9,6388,208.60001
AIDS prevalence,2014,Connecticut,9,6388,208.60001
AIDS prevalence,2013,Connecticut,9,6596,215.89999
AIDS prevalence,2012,Connecticut,9,6493,213.3
AIDS prevalence,2011,Connecticut,9,6511,214.89999
AIDS prevalence,2010,Connecticut,9,6567,217.89999
AIDS prevalence,2009,Connecticut,9,6439,218.10001
AIDS prevalence,2008,Connecticut,9,6414,218.7
AIDS prevalence,2007,Connecticut,9,6371,218.60001
AIDS prevalence,2006,Connecticut,9,6279,216.10001
AIDS prevalence,2005,Connecticut,9,6124,211.89999
AIDS prevalence,2004,Connecticut,9,5992,208.10001
AIDS prevalence,2003,Connecticut,9,5835,203.60001
AIDS prevalence,2002,Connecticut,9,5607,197.39999
AIDS prevalence,2001,Connecticut,9,5346,189.8
AIDS prevalence,2000,Connecticut,9,5127,183.39999
AIDS prevalence,2018,Delaware,10,1978,241
AIDS prevalence,2017,Delaware,10,1986,244.60001
AIDS prevalence,2016,Delaware,10,1923,239.3
AIDS prevalence,2015,Delaware,10,1912,240.2
AIDS prevalence,2014,Delaware,10,1890,240.10001
AIDS prevalence,2013,Delaware,10,1920,246.8
AIDS prevalence,2012,Delaware,10,1901,247.3
AIDS prevalence,2011,Delaware,10,1890,248.39999
AIDS prevalence,2010,Delaware,10,1842,244.60001
AIDS prevalence,2009,Delaware,10,1756,238.60001
AIDS prevalence,2008,Delaware,10,1712,235.10001
AIDS prevalence,2007,Delaware,10,1661,231.10001
AIDS prevalence,2006,Delaware,10,1606,226.7
AIDS prevalence,2005,Delaware,10,1564,224.60001
AIDS prevalence,2004,Delaware,10,1512,220.89999
AIDS prevalence,2003,Delaware,10,1466,217.8
AIDS prevalence,2002,Delaware,10,1400,211.3
AIDS prevalence,2001,Delaware,10,1336,204.5
AIDS prevalence,2000,Delaware,10,1209,187.39999
AIDS prevalence,2018,District of Columbia,11,7511,1244.5
AIDS prevalence,2017,District of Columbia,11,7495,1252.6
AIDS prevalence,2016,District of Columbia,11,7590,1282.2
AIDS prevalence,2015,District of Columbia,11,7616,1304.2
AIDS prevalence,2014,District of Columbia,11,7656,1334.2
AIDS prevalence,2013,District of Columbia,11,8120,1436.9
AIDS prevalence,2012,District of Columbia,11,8142,1470.7
AIDS prevalence,2011,District of Columbia,11,7885,1453.5
AIDS prevalence,2010,District of Columbia,11,7943,1495.9
AIDS prevalence,2009,District of Columbia,11,7767,1505.3
AIDS prevalence,2008,District of Columbia,11,7482,1472.8
AIDS prevalence,2007,District of Columbia,11,7300,1446.3
AIDS prevalence,2006,District of Columbia,11,7054,1405.4
AIDS prevalence,2005,District of Columbia,11,6770,1357.1
AIDS prevalence,2004,District of Columbia,11,6495,1311.6
AIDS prevalence,2003,District of Columbia,11,6134,1247.3
AIDS prevalence,2002,District of Columbia,11,5697,1159.2
AIDS prevalence,2001,District of Columbia,11,5103,1041.1
AIDS prevalence,2000,District of Columbia,11,4801,989.29999
AIDS prevalence,2018,Florida,12,59058,324
AIDS prevalence,2017,Florida,12,58732,326.79999
AIDS prevalence,2016,Florida,12,58095,329.10001
AIDS prevalence,2015,Florida,12,57661,333.29999
AIDS prevalence,2014,Florida,12,56596,333.39999
AIDS prevalence,2013,Florida,12,54986,329.29999
AIDS prevalence,2012,Florida,12,53796,326.89999
AIDS prevalence,2011,Florida,12,51242,315.89999
AIDS prevalence,2010,Florida,12,50140,313
AIDS prevalence,2009,Florida,12,50412,322.89999
AIDS prevalence,2008,Florida,12,48506,312.79999
AIDS prevalence,2007,Florida,12,46494,302.39999
AIDS prevalence,2006,Florida,12,44697,293.89999
AIDS prevalence,2005,Florida,12,43014,287.70001
AIDS prevalence,2004,Florida,12,41103,281.5
AIDS prevalence,2003,Florida,12,38564,270.60001
AIDS prevalence,2002,Florida,12,36470,261
AIDS prevalence,2001,Florida,12,34579,252.7
AIDS prevalence,2000,Florida,12,32328,240.89999
AIDS prevalence,2018,Georgia,13,27420,313.89999
AIDS prevalence,2017,Georgia,13,26770,310.20001
AIDS prevalence,2016,Georgia,13,25919,304.29999
AIDS prevalence,2015,Georgia,13,25518,303.89999
AIDS prevalence,2014,Georgia,13,24985,301.39999
AIDS prevalence,2013,Georgia,13,25833,315.5
AIDS prevalence,2012,Georgia,13,23613,291.20001
AIDS prevalence,2011,Georgia,13,22424,280.10001
AIDS prevalence,2010,Georgia,13,21838,276
AIDS prevalence,2009,Georgia,13,18655,235
AIDS prevalence,2008,Georgia,13,17533,224
AIDS prevalence,2007,Georgia,13,16206,210.60001
AIDS prevalence,2006,Georgia,13,15239,202.10001
AIDS prevalence,2005,Georgia,13,14387,195.7
AIDS prevalence,2004,Georgia,13,13522,187.60001
AIDS prevalence,2003,Georgia,13,12066,171
AIDS prevalence,2002,Georgia,13,10896,157.3
AIDS prevalence,2001,Georgia,13,9959,146.60001
AIDS prevalence,2000,Georgia,13,9263,139.5
AIDS prevalence,2018,Hawaii,15,1343,112.1
AIDS prevalence,2017,Hawaii,15,1382,115.2
AIDS prevalence,2016,Hawaii,15,1389,115.7
AIDS prevalence,2015,Hawaii,15,1420,118.9
AIDS prevalence,2014,Hawaii,15,1439,121.2
AIDS prevalence,2013,Hawaii,15,1443,122.2
AIDS prevalence,2012,Hawaii,15,1403,120
AIDS prevalence,2011,Hawaii,15,1427,123.4
AIDS prevalence,2010,Hawaii,15,1452,126.9
AIDS prevalence,2009,Hawaii,15,1250,115.4
AIDS prevalence,2008,Hawaii,15,1214,112.6
AIDS prevalence,2007,Hawaii,15,1188,111.2
AIDS prevalence,2006,Hawaii,15,1139,106.7
AIDS prevalence,2005,Hawaii,15,1107,104.7
AIDS prevalence,2004,Hawaii,15,1057,101.4
AIDS prevalence,2003,Hawaii,15,1038,100.9
AIDS prevalence,2002,Hawaii,15,997,97.900002
AIDS prevalence,2001,Hawaii,15,933,92.599998
AIDS prevalence,2000,Hawaii,15,866,86.699997
AIDS prevalence,2018,Idaho,16,568,39.599998
AIDS prevalence,2017,Idaho,16,552,39.299999
AIDS prevalence,2016,Idaho,16,538,39.299999
AIDS prevalence,2015,Idaho,16,510,38
AIDS prevalence,2014,Idaho,16,494,37.400002
AIDS prevalence,2013,Idaho,16,500,38.400002
AIDS prevalence,2012,Idaho,16,478,37.200001
AIDS prevalence,2011,Idaho,16,452,35.599998
AIDS prevalence,2010,Idaho,16,429,34.099998
AIDS prevalence,2009,Idaho,16,341,27.5
AIDS prevalence,2008,Idaho,16,321,26.200001
AIDS prevalence,2007,Idaho,16,301,25
AIDS prevalence,2006,Idaho,16,291,24.700001
AIDS prevalence,2005,Idaho,16,276,24.1
AIDS prevalence,2004,Idaho,16,265,23.700001
AIDS prevalence,2003,Idaho,16,250,22.799999
AIDS prevalence,2002,Idaho,16,242,22.5
AIDS prevalence,2001,Idaho,16,217,20.5
AIDS prevalence,2000,Idaho,16,207,19.9
AIDS prevalence,2018,Illinois,17,17588,164.39999
AIDS prevalence,2017,Illinois,17,17432,162.60001
AIDS prevalence,2016,Illinois,17,17381,161.89999
AIDS prevalence,2015,Illinois,17,17320,161.10001
AIDS prevalence,2014,Illinois,17,17240,160.3
AIDS prevalence,2013,Illinois,17,17045,158.7
AIDS prevalence,2012,Illinois,17,16794,156.89999
AIDS prevalence,2011,Illinois,17,16489,154.60001
AIDS prevalence,2010,Illinois,17,16025,150.8
AIDS prevalence,2009,Illinois,17,15611,146.89999
AIDS prevalence,2008,Illinois,17,15008,142.10001
AIDS prevalence,2007,Illinois,17,14394,137.10001
AIDS prevalence,2006,Illinois,17,13949,133.7
AIDS prevalence,2005,Illinois,17,13388,129
AIDS prevalence,2004,Illinois,17,12687,122.8
AIDS prevalence,2003,Illinois,17,12005,116.9
AIDS prevalence,2002,Illinois,17,11338,111.1
AIDS prevalence,2001,Illinois,17,10502,103.5
AIDS prevalence,2000,Illinois,17,9764,96.900002
AIDS prevalence,2018,Indiana,18,5617,100.7
AIDS prevalence,2017,Indiana,18,5472,98.800003
AIDS prevalence,2016,Indiana,18,5356,97.099998
AIDS prevalence,2015,Indiana,18,5308,96.800003
AIDS prevalence,2014,Indiana,18,5189,94.900002
AIDS prevalence,2013,Indiana,18,5089,93.599998
AIDS prevalence,2012,Indiana,18,4997,92.5
AIDS prevalence,2011,Indiana,18,4851,90.300003
AIDS prevalence,2010,Indiana,18,4648,87
AIDS prevalence,2009,Indiana,18,4322,81.900002
AIDS prevalence,2008,Indiana,18,4128,78.699997
AIDS prevalence,2007,Indiana,18,3938,75.599998
AIDS prevalence,2006,Indiana,18,3741,72.400002
AIDS prevalence,2005,Indiana,18,3594,70.099998
AIDS prevalence,2004,Indiana,18,3387,66.599998
AIDS prevalence,2003,Indiana,18,3168,62.700001
AIDS prevalence,2002,Indiana,18,2926,58.299999
AIDS prevalence,2001,Indiana,18,2715,54.400002
AIDS prevalence,2000,Indiana,18,2517,50.799999
AIDS prevalence,2018,Iowa,19,1501,57.200001
AIDS prevalence,2017,Iowa,19,1484,56.700001
AIDS prevalence,2016,Iowa,19,1423,54.599998
AIDS prevalence,2015,Iowa,19,1348,51.900002
AIDS prevalence,2014,Iowa,19,1332,51.5
AIDS prevalence,2013,Iowa,19,1302,50.599998
AIDS prevalence,2012,Iowa,19,1268,49.599998
AIDS prevalence,2011,Iowa,19,1212,47.599998
AIDS prevalence,2010,Iowa,19,1174,46.5
AIDS prevalence,2009,Iowa,19,984,39.400002
AIDS prevalence,2008,Iowa,19,921,37
AIDS prevalence,2007,Iowa,19,871,35.200001
AIDS prevalence,2006,Iowa,19,830,33.700001
AIDS prevalence,2005,Iowa,19,774,31.6
AIDS prevalence,2004,Iowa,19,713,29.200001
AIDS prevalence,2003,Iowa,19,673,27.700001
AIDS prevalence,2002,Iowa,19,629,26
AIDS prevalence,2001,Iowa,19,591,24.5
AIDS prevalence,2000,Iowa,19,540,22.4
AIDS prevalence,2018,Kansas,20,1578,65.599998
AIDS prevalence,2017,Kansas,20,1544,64.400002
AIDS prevalence,2016,Kansas,20,1510,63
AIDS prevalence,2015,Kansas,20,1478,61.900002
AIDS prevalence,2014,Kansas,20,1557,65.5
AIDS prevalence,2013,Kansas,20,1521,64.199997
AIDS prevalence,2012,Kansas,20,1518,64.400002
AIDS prevalence,2011,Kansas,20,1504,64.300003
AIDS prevalence,2010,Kansas,20,1471,63.200001
AIDS prevalence,2009,Kansas,20,1351,58.599998
AIDS prevalence,2008,Kansas,20,1298,56.700001
AIDS prevalence,2007,Kansas,20,1250,55
AIDS prevalence,2006,Kansas,20,1166,51.599998
AIDS prevalence,2005,Kansas,20,1119,49.799999
AIDS prevalence,2004,Kansas,20,1042,46.700001
AIDS prevalence,2003,Kansas,20,972,43.700001
AIDS prevalence,2002,Kansas,20,920,41.599998
AIDS prevalence,2001,Kansas,20,881,40.099998
AIDS prevalence,2000,Kansas,20,841,38.5
AIDS prevalence,2018,Kentucky,21,3489,93.300003
AIDS prevalence,2017,Kentucky,21,3467,92.900002
AIDS prevalence,2016,Kentucky,21,3409,91.800003
AIDS prevalence,2015,Kentucky,21,3324,89.800003
AIDS prevalence,2014,Kentucky,21,3305,89.599998
AIDS prevalence,2013,Kentucky,21,3245,88.300003
AIDS prevalence,2012,Kentucky,21,3013,82.5
AIDS prevalence,2011,Kentucky,21,2936,80.800003
AIDS prevalence,2010,Kentucky,21,2841,78.699997
AIDS prevalence,2009,Kentucky,21,2636,73.599998
AIDS prevalence,2008,Kentucky,21,2519,70.800003
AIDS prevalence,2007,Kentucky,21,2377,67.300003
AIDS prevalence,2006,Kentucky,21,2209,63.099998
AIDS prevalence,2005,Kentucky,21,2111,60.799999
AIDS prevalence,2004,Kentucky,21,2019,58.700001
AIDS prevalence,2003,Kentucky,21,1900,55.799999
AIDS prevalence,2002,Kentucky,21,1801,53.299999
AIDS prevalence,2001,Kentucky,21,1678,50
AIDS prevalence,2000,Kentucky,21,1569,47
AIDS prevalence,2018,Louisiana,22,10514,271.89999
AIDS prevalence,2017,Louisiana,22,10413,269.10001
AIDS prevalence,2016,Louisiana,22,10265,265
AIDS prevalence,2015,Louisiana,22,10040,260.10001
AIDS prevalence,2014,Louisiana,22,9870,257
AIDS prevalence,2013,Louisiana,22,9534,249.5
AIDS prevalence,2012,Louisiana,22,9117,240.3
AIDS prevalence,2011,Louisiana,22,8871,235.5
AIDS prevalence,2010,Louisiana,22,8428,225.5
AIDS prevalence,2009,Louisiana,22,8409,228.39999
AIDS prevalence,2008,Louisiana,22,8060,220.89999
AIDS prevalence,2007,Louisiana,22,7636,212.60001
AIDS prevalence,2006,Louisiana,22,7301,209.3
AIDS prevalence,2005,Louisiana,22,7065,192.39999
AIDS prevalence,2004,Louisiana,22,6747,184.39999
AIDS prevalence,2003,Louisiana,22,6332,174
AIDS prevalence,2002,Louisiana,22,5907,163
AIDS prevalence,2001,Louisiana,22,5373,148.8
AIDS prevalence,2000,Louisiana,22,4957,137.3
AIDS prevalence,2018,Maine,23,811,69.599998
AIDS prevalence,2017,Maine,23,788,68
AIDS prevalence,2016,Maine,23,770,66.699997
AIDS prevalence,2015,Maine,23,739,64.300003
AIDS prevalence,2014,Maine,23,736,64
AIDS prevalence,2013,Maine,23,718,62.700001
AIDS prevalence,2012,Maine,23,698,61.099998
AIDS prevalence,2011,Maine,23,691,60.599998
AIDS prevalence,2010,Maine,23,690,60.599998
AIDS prevalence,2009,Maine,23,567,50.200001
AIDS prevalence,2008,Maine,23,544,48.099998
AIDS prevalence,2007,Maine,23,518,46
AIDS prevalence,2006,Maine,23,488,43.5
AIDS prevalence,2005,Maine,23,458,41
AIDS prevalence,2004,Maine,23,430,38.700001
AIDS prevalence,2003,Maine,23,409,37.099998
AIDS prevalence,2002,Maine,23,385,35.299999
AIDS prevalence,2001,Maine,23,356,33
AIDS prevalence,2000,Maine,23,339,31.700001
AIDS prevalence,2018,Maryland,24,17419,343
AIDS prevalence,2017,Maryland,24,17383,343.39999
AIDS prevalence,2016,Maryland,24,17233,341.89999
AIDS prevalence,2015,Maryland,24,17777,353.89999
AIDS prevalence,2014,Maryland,24,17008,340.39999
AIDS prevalence,2013,Maryland,24,16525,332.89999
AIDS prevalence,2012,Maryland,24,16314,331.20001
AIDS prevalence,2011,Maryland,24,16018,328.29999
AIDS prevalence,2010,Maryland,24,15607,323.10001
AIDS prevalence,2009,Maryland,24,14980,316.5
AIDS prevalence,2008,Maryland,24,14647,311.79999
AIDS prevalence,2007,Maryland,24,14216,304.39999
AIDS prevalence,2006,Maryland,24,13825,297.60001
AIDS prevalence,2005,Maryland,24,13210,286.5
AIDS prevalence,2004,Maryland,24,12593,275.89999
AIDS prevalence,2003,Maryland,24,11884,263.20001
AIDS prevalence,2002,Maryland,24,11232,252.2
AIDS prevalence,2001,Maryland,24,10529,239.89999
AIDS prevalence,2000,Maryland,24,9793,226.39999
AIDS prevalence,2018,Massachusetts,25,11166,188.5
AIDS prevalence,2017,Massachusetts,25,11200,189.89999
AIDS prevalence,2016,Massachusetts,25,11177,190.8
AIDS prevalence,2015,Massachusetts,25,11186,192.10001
AIDS prevalence,2014,Massachusetts,25,11140,192.5
AIDS prevalence,2013,Massachusetts,25,11074,193.2
AIDS prevalence,2012,Massachusetts,25,10928,192.5
AIDS prevalence,2011,Massachusetts,25,10518,187
AIDS prevalence,2010,Massachusetts,25,10195,182.89999
AIDS prevalence,2009,Massachusetts,25,10053,180.10001
AIDS prevalence,2008,Massachusetts,25,9813,177.39999
AIDS prevalence,2007,Massachusetts,25,9551,174.10001
AIDS prevalence,2006,Massachusetts,25,9219,169.2
AIDS prevalence,2005,Massachusetts,25,8834,162.89999
AIDS prevalence,2004,Massachusetts,25,8393,155.3
AIDS prevalence,2003,Massachusetts,25,7988,148.3
AIDS prevalence,2002,Massachusetts,25,7690,143.5
AIDS prevalence,2001,Massachusetts,25,7292,137
AIDS prevalence,2000,Massachusetts,25,6937,131.60001
AIDS prevalence,2018,Michigan,26,8042,95
AIDS prevalence,2017,Michigan,26,8002,94.800003
AIDS prevalence,2016,Michigan,26,7926,94.199997
AIDS prevalence,2015,Michigan,26,7583,90.400002
AIDS prevalence,2014,Michigan,26,7737,92.400002
AIDS prevalence,2013,Michigan,26,7701,92.300003
AIDS prevalence,2012,Michigan,26,7516,90.5
AIDS prevalence,2011,Michigan,26,7354,88.900002
AIDS prevalence,2010,Michigan,26,7177,87
AIDS prevalence,2009,Michigan,26,6916,83.099998
AIDS prevalence,2008,Michigan,26,6679,80.099998
AIDS prevalence,2007,Michigan,26,6418,76.800003
AIDS prevalence,2006,Michigan,26,6107,73.099998
AIDS prevalence,2005,Michigan,26,5784,69.400002
AIDS prevalence,2004,Michigan,26,5365,64.599998
AIDS prevalence,2003,Michigan,26,5089,61.599998
AIDS prevalence,2002,Michigan,26,4804,58.599998
AIDS prevalence,2001,Michigan,26,4572,56.099998
AIDS prevalence,2000,Michigan,26,4343,53.700001
AIDS prevalence,2018,Minnesota,27,3878,83
AIDS prevalence,2017,Minnesota,27,3815,82.400002
AIDS prevalence,2016,Minnesota,27,3728,81.199997
AIDS prevalence,2015,Minnesota,27,3639,79.900002
AIDS prevalence,2014,Minnesota,27,3525,77.900002
AIDS prevalence,2013,Minnesota,27,3419,76.099998
AIDS prevalence,2012,Minnesota,27,3352,75.300003
AIDS prevalence,2011,Minnesota,27,3195,72.199997
AIDS prevalence,2010,Minnesota,27,3058,69.699997
AIDS prevalence,2009,Minnesota,27,2777,63.700001
AIDS prevalence,2008,Minnesota,27,2663,61.5
AIDS prevalence,2007,Minnesota,27,2518,58.700001
AIDS prevalence,2006,Minnesota,27,2376,55.799999
AIDS prevalence,2005,Minnesota,27,2241,53.200001
AIDS prevalence,2004,Minnesota,27,2080,49.700001
AIDS prevalence,2003,Minnesota,27,1898,45.700001
AIDS prevalence,2002,Minnesota,27,1762,42.799999
AIDS prevalence,2001,Minnesota,27,1657,40.700001
AIDS prevalence,2000,Minnesota,27,1579,39.299999
AIDS prevalence,2018,Mississippi,28,4580,184.89999
AIDS prevalence,2017,Mississippi,28,4525,182.5
AIDS prevalence,2016,Mississippi,28,4438,179.39999
AIDS prevalence,2015,Mississippi,28,4361,176.60001
AIDS prevalence,2014,Mississippi,28,4290,173.8
AIDS prevalence,2013,Mississippi,28,4123,167.5
AIDS prevalence,2012,Mississippi,28,3958,161.60001
AIDS prevalence,2011,Mississippi,28,3869,158.5
AIDS prevalence,2010,Mississippi,28,3627,149.3
AIDS prevalence,2009,Mississippi,28,3357,140
AIDS prevalence,2008,Mississippi,28,3205,134.2
AIDS prevalence,2007,Mississippi,28,3066,129.10001
AIDS prevalence,2006,Mississippi,28,2929,124.2
AIDS prevalence,2005,Mississippi,28,2806,119.1
AIDS prevalence,2004,Mississippi,28,2675,114.2
AIDS prevalence,2003,Mississippi,28,2412,103.8
AIDS prevalence,2002,Mississippi,28,2229,96.400002
AIDS prevalence,2001,Mississippi,28,2007,87.199997
AIDS prevalence,2000,Mississippi,28,1842,80.199997
AIDS prevalence,2018,Missouri,29,6360,123.8
AIDS prevalence,2017,Missouri,29,6289,122.8
AIDS prevalence,2016,Missouri,29,6250,122.6
AIDS prevalence,2015,Missouri,29,6237,122.8
AIDS prevalence,2014,Missouri,29,6068,119.9
AIDS prevalence,2013,Missouri,29,5947,118
AIDS prevalence,2012,Missouri,29,5860,116.8
AIDS prevalence,2011,Missouri,29,5697,114
AIDS prevalence,2010,Missouri,29,5497,110.4
AIDS prevalence,2009,Missouri,29,5495,110.7
AIDS prevalence,2008,Missouri,29,5276,106.9
AIDS prevalence,2007,Missouri,29,5053,103.2
AIDS prevalence,2006,Missouri,29,4827,99.5
AIDS prevalence,2005,Missouri,29,4622,96.199997
AIDS prevalence,2004,Missouri,29,4427,93.099998
AIDS prevalence,2003,Missouri,29,4235,89.900002
AIDS prevalence,2002,Missouri,29,4050,86.699997
AIDS prevalence,2001,Missouri,29,3860,83.400002
AIDS prevalence,2000,Missouri,29,3689,80.400002
AIDS prevalence,2018,Montana,30,341,38
AIDS prevalence,2017,Montana,30,333,37.5
AIDS prevalence,2016,Montana,30,326,37.200001
AIDS prevalence,2015,Montana,30,330,38
AIDS prevalence,2014,Montana,30,320,37.200001
AIDS prevalence,2013,Montana,30,315,37
AIDS prevalence,2012,Montana,30,299,35.400002
AIDS prevalence,2011,Montana,30,295,35.200001
AIDS prevalence,2010,Montana,30,258,31
AIDS prevalence,2009,Montana,30,214,26.1
AIDS prevalence,2008,Montana,30,200,24.6
AIDS prevalence,2007,Montana,30,182,22.6
AIDS prevalence,2006,Montana,30,180,22.700001
AIDS prevalence,2005,Montana,30,172,21.9
AIDS prevalence,2004,Montana,30,164,21.200001
AIDS prevalence,2003,Montana,30,152,19.9
AIDS prevalence,2002,Montana,30,156,20.6
AIDS prevalence,2001,Montana,30,151,20.1
AIDS prevalence,2000,Montana,30,149,20
AIDS prevalence,2018,Nebraska,31,1049,66.400002
AIDS prevalence,2017,Nebraska,31,1043,66.400002
AIDS prevalence,2016,Nebraska,31,1038,66.5
AIDS prevalence,2015,Nebraska,31,1041,67.199997
AIDS prevalence,2014,Nebraska,31,1017,66.099998
AIDS prevalence,2013,Nebraska,31,981,64.300003
AIDS prevalence,2012,Nebraska,31,961,63.5
AIDS prevalence,2011,Nebraska,31,959,63.799999
AIDS prevalence,2010,Nebraska,31,920,61.599998
AIDS prevalence,2009,Nebraska,31,818,55.799999
AIDS prevalence,2008,Nebraska,31,778,53.400002
AIDS prevalence,2007,Nebraska,31,732,50.5
AIDS prevalence,2006,Nebraska,31,698,48.400002
AIDS prevalence,2005,Nebraska,31,657,45.799999
AIDS prevalence,2004,Nebraska,31,606,42.5
AIDS prevalence,2003,Nebraska,31,548,38.599998
AIDS prevalence,2002,Nebraska,31,516,36.599998
AIDS prevalence,2001,Nebraska,31,476,33.900002
AIDS prevalence,2000,Nebraska,31,448,32.099998
AIDS prevalence,2018,Nevada,32,4758,187.8
AIDS prevalence,2017,Nevada,32,4574,184.5
AIDS prevalence,2016,Nevada,32,4334,178.2
AIDS prevalence,2015,Nevada,32,4171,174.8
AIDS prevalence,2014,Nevada,32,4015,171.39999
AIDS prevalence,2013,Nevada,32,3745,162.60001
AIDS prevalence,2012,Nevada,32,3647,160.60001
AIDS prevalence,2011,Nevada,32,3559,159.10001
AIDS prevalence,2010,Nevada,32,3477,156.39999
AIDS prevalence,2009,Nevada,32,3066,143.10001
AIDS prevalence,2008,Nevada,32,2944,139
AIDS prevalence,2007,Nevada,32,2769,133.2
AIDS prevalence,2006,Nevada,32,2614,129.3
AIDS prevalence,2005,Nevada,32,2480,126.9
AIDS prevalence,2004,Nevada,32,2317,122.7
AIDS prevalence,2003,Nevada,32,2179,120.2
AIDS prevalence,2002,Nevada,32,2075,118.4
AIDS prevalence,2001,Nevada,32,1937,114.3
AIDS prevalence,2000,Nevada,32,1820,111.4
AIDS prevalence,2018,New Hampshire,33,609,51.700001
AIDS prevalence,2017,New Hampshire,33,595,50.799999
AIDS prevalence,2016,New Hampshire,33,596,51.299999
AIDS prevalence,2015,New Hampshire,33,598,51.799999
AIDS prevalence,2014,New Hampshire,33,634,55.099998
AIDS prevalence,2013,New Hampshire,33,620,54.400002
AIDS prevalence,2012,New Hampshire,33,614,54.099998
AIDS prevalence,2011,New Hampshire,33,613,54.400002
AIDS prevalence,2010,New Hampshire,33,608,54.299999
AIDS prevalence,2009,New Hampshire,33,561,49.900002
AIDS prevalence,2008,New Hampshire,33,534,47.700001
AIDS prevalence,2007,New Hampshire,33,519,46.700001
AIDS prevalence,2006,New Hampshire,33,502,45.5
AIDS prevalence,2005,New Hampshire,33,488,44.700001
AIDS prevalence,2004,New Hampshire,33,472,43.700001
AIDS prevalence,2003,New Hampshire,33,441,41.400002
AIDS prevalence,2002,New Hampshire,33,425,40.400002
AIDS prevalence,2001,New Hampshire,33,400,38.599998
AIDS prevalence,2000,New Hampshire,33,381,37.400002
AIDS prevalence,2018,New Jersey,34,17726,236.2
AIDS prevalence,2017,New Jersey,34,17817,237.7
AIDS prevalence,2016,New Jersey,34,17761,237.60001
AIDS prevalence,2015,New Jersey,34,18124,242.8
AIDS prevalence,2014,New Jersey,34,18287,245.39999
AIDS prevalence,2013,New Jersey,34,18359,247
AIDS prevalence,2012,New Jersey,34,17931,242
AIDS prevalence,2011,New Jersey,34,17819,241.39999
AIDS prevalence,2010,New Jersey,34,17782,242.10001
AIDS prevalence,2009,New Jersey,34,18164,250.5
AIDS prevalence,2008,New Jersey,34,17699,245.7
AIDS prevalence,2007,New Jersey,34,17313,241.39999
AIDS prevalence,2006,New Jersey,34,16807,235.2
AIDS prevalence,2005,New Jersey,34,16499,231.5
AIDS prevalence,2004,New Jersey,34,16085,226.5
AIDS prevalence,2003,New Jersey,34,15655,221.60001
AIDS prevalence,2002,New Jersey,34,15298,218.10001
AIDS prevalence,2001,New Jersey,34,14886,214
AIDS prevalence,2000,New Jersey,34,14282,207
AIDS prevalence,2018,New Mexico,35,1935,110.5
AIDS prevalence,2017,New Mexico,35,1861,106.7
AIDS prevalence,2016,New Mexico,35,1842,106
AIDS prevalence,2015,New Mexico,35,1818,105
AIDS prevalence,2014,New Mexico,35,1798,104.1
AIDS prevalence,2013,New Mexico,35,1769,102.6
AIDS prevalence,2012,New Mexico,35,1785,104
AIDS prevalence,2011,New Mexico,35,1785,104.6
AIDS prevalence,2010,New Mexico,35,1752,103.7
AIDS prevalence,2009,New Mexico,35,1372,83.800003
AIDS prevalence,2008,New Mexico,35,1300,80.199997
AIDS prevalence,2007,New Mexico,35,1255,78.099998
AIDS prevalence,2006,New Mexico,35,1191,75.099998
AIDS prevalence,2005,New Mexico,35,1154,73.900002
AIDS prevalence,2004,New Mexico,35,1091,70.900002
AIDS prevalence,2003,New Mexico,35,1027,67.699997
AIDS prevalence,2002,New Mexico,35,959,64.099998
AIDS prevalence,2001,New Mexico,35,914,62
AIDS prevalence,2000,New Mexico,35,857,58.599998
AIDS prevalence,2018,New York,36,72128,434.20001
AIDS prevalence,2017,New York,36,72550,436
AIDS prevalence,2016,New York,36,73015,438.29999
AIDS prevalence,2015,New York,36,73049,438.5
AIDS prevalence,2014,New York,36,73505,441.60001
AIDS prevalence,2013,New York,36,72720,438
AIDS prevalence,2012,New York,36,72765,439.89999
AIDS prevalence,2011,New York,36,72567,440.89999
AIDS prevalence,2010,New York,36,72188,441.20001
AIDS prevalence,2009,New York,36,71578,436.20001
AIDS prevalence,2008,New York,36,70437,431.29999
AIDS prevalence,2007,New York,36,69020,424.20001
AIDS prevalence,2006,New York,36,67271,415.70001
AIDS prevalence,2005,New York,36,65444,406.10001
AIDS prevalence,2004,New York,36,63197,394.10001
AIDS prevalence,2003,New York,36,60979,382.89999
AIDS prevalence,2002,New York,36,57960,366.60001
AIDS prevalence,2001,New York,36,55553,353.70001
AIDS prevalence,2000,New York,36,52291,335.29999
AIDS prevalence,2018,North Carolina,37,14151,161.7
AIDS prevalence,2017,North Carolina,37,13794,159.7
AIDS prevalence,2016,North Carolina,37,13436,157.60001
AIDS prevalence,2015,North Carolina,37,13200,157.10001
AIDS prevalence,2014,North Carolina,37,12742,153.5
AIDS prevalence,2013,North Carolina,37,12246,149.2
AIDS prevalence,2012,North Carolina,37,11750,145
AIDS prevalence,2011,North Carolina,37,10939,136.60001
AIDS prevalence,2010,North Carolina,37,10499,132.5
AIDS prevalence,2009,North Carolina,37,9136,118.4
AIDS prevalence,2008,North Carolina,37,8561,112.5
AIDS prevalence,2007,North Carolina,37,7984,107
AIDS prevalence,2006,North Carolina,37,7485,102.4
AIDS prevalence,2005,North Carolina,37,7010,98.099998
AIDS prevalence,2004,North Carolina,37,6517,92.699997
AIDS prevalence,2003,North Carolina,37,6106,88.199997
AIDS prevalence,2002,North Carolina,37,5348,78.199997
AIDS prevalence,2001,North Carolina,37,4651,69
AIDS prevalence,2000,North Carolina,37,4146,62.5
AIDS prevalence,2018,North Dakota,38,201,32.099998
AIDS prevalence,2017,North Dakota,38,193,30.9
AIDS prevalence,2016,North Dakota,38,185,29.700001
AIDS prevalence,2015,North Dakota,38,164,26.299999
AIDS prevalence,2014,North Dakota,38,144,23.5
AIDS prevalence,2013,North Dakota,38,124,20.6
AIDS prevalence,2012,North Dakota,38,111,18.9
AIDS prevalence,2011,North Dakota,38,102,17.799999
AIDS prevalence,2010,North Dakota,38,98,17.299999
AIDS prevalence,2009,North Dakota,38,82,15.1
AIDS prevalence,2008,North Dakota,38,73,13.5
AIDS prevalence,2007,North Dakota,38,69,12.8
AIDS prevalence,2006,North Dakota,38,66,12.3
AIDS prevalence,2005,North Dakota,38,59,11
AIDS prevalence,2004,North Dakota,38,58,10.8
AIDS prevalence,2003,North Dakota,38,53,10
AIDS prevalence,2002,North Dakota,38,44,8.3000002
AIDS prevalence,2001,North Dakota,38,44,8.3000002
AIDS prevalence,2000,North Dakota,38,41,7.6999998
AIDS prevalence,2018,Ohio,39,10512,106.9
AIDS prevalence,2017,Ohio,39,10335,105.3
AIDS prevalence,2016,Ohio,39,10087,103.1
AIDS prevalence,2015,Ohio,39,9674,99.099998
AIDS prevalence,2014,Ohio,39,9396,96.5
AIDS prevalence,2013,Ohio,39,9155,94.400002
AIDS prevalence,2012,Ohio,39,8869,91.800003
AIDS prevalence,2011,Ohio,39,8616,89.400002
AIDS prevalence,2010,Ohio,39,8311,86.5
AIDS prevalence,2009,Ohio,39,7634,79.400002
AIDS prevalence,2008,Ohio,39,7229,75.400002
AIDS prevalence,2007,Ohio,39,6884,71.900002
AIDS prevalence,2006,Ohio,39,6558,68.800003
AIDS prevalence,2005,Ohio,39,6186,65.099998
AIDS prevalence,2004,Ohio,39,5858,61.799999
AIDS prevalence,2003,Ohio,39,5473,58
AIDS prevalence,2002,Ohio,39,4964,52.900002
AIDS prevalence,2001,Ohio,39,4636,49.599998
AIDS prevalence,2000,Ohio,39,4327,46.5
AIDS prevalence,2018,Oklahoma^,40,2968,91.300003
AIDS prevalence,2017,Oklahoma^,40,2906,89.699997
AIDS prevalence,2016,Oklahoma^,40,2850,88.300003
AIDS prevalence,2015,Oklahoma^,40,2782,86.599998
AIDS prevalence,2014,Oklahoma^,40,2732,85.800003
AIDS prevalence,2013,Oklahoma^,40,2664,84.300003
AIDS prevalence,2012,Oklahoma^,40,2589,82.699997
AIDS prevalence,2011,Oklahoma^,40,2504,80.599998
AIDS prevalence,2010,Oklahoma^,40,2457,79.800003
AIDS prevalence,2009,Oklahoma^,40,2215,73.5
AIDS prevalence,2008,Oklahoma^,40,2135,71.5
AIDS prevalence,2007,Oklahoma^,40,2055,69.400002
AIDS prevalence,2006,Oklahoma^,40,1949,66.400002
AIDS prevalence,2005,Oklahoma^,40,1854,63.900002
AIDS prevalence,2004,Oklahoma^,40,1728,59.900002
AIDS prevalence,2003,Oklahoma^,40,1598,55.700001
AIDS prevalence,2002,Oklahoma^,40,1513,53
AIDS prevalence,2001,Oklahoma^,40,1425,50.200001
AIDS prevalence,2000,Oklahoma^,40,1308,46.299999
AIDS prevalence,2018,Oregon,41,3906,109.7
AIDS prevalence,2017,Oregon,41,3865,109.8
AIDS prevalence,2016,Oregon,41,3807,109.8
AIDS prevalence,2015,Oregon,41,3759,110.6
AIDS prevalence,2014,Oregon,41,3612,107.8
AIDS prevalence,2013,Oregon,41,3586,108.3
AIDS prevalence,2012,Oregon,41,3590,109.4
AIDS prevalence,2011,Oregon,41,3545,109
AIDS prevalence,2010,Oregon,41,3457,107.4
AIDS prevalence,2009,Oregon,41,2982,93.300003
AIDS prevalence,2008,Oregon,41,2860,90.5
AIDS prevalence,2007,Oregon,41,2717,87.199997
AIDS prevalence,2006,Oregon,41,2586,84.300003
AIDS prevalence,2005,Oregon,41,2427,80.5
AIDS prevalence,2004,Oregon,41,2291,77
AIDS prevalence,2003,Oregon,41,2159,73.300003
AIDS prevalence,2002,Oregon,41,2054,70.599998
AIDS prevalence,2001,Oregon,41,1944,67.900002
AIDS prevalence,2000,Oregon,41,1843,65.199997
AIDS prevalence,2018,Pennsylvania,42,19424,177.8
AIDS prevalence,2017,Pennsylvania,42,19247,176.5
AIDS prevalence,2016,Pennsylvania,42,19800,181.8
AIDS prevalence,2015,Pennsylvania,42,18475,169.7
AIDS prevalence,2014,Pennsylvania,42,18392,169
AIDS prevalence,2013,Pennsylvania,42,18231,167.89999
AIDS prevalence,2012,Pennsylvania,42,18091,167
AIDS prevalence,2011,Pennsylvania,42,17745,164.3
AIDS prevalence,2010,Pennsylvania,42,17463,162.3
AIDS prevalence,2009,Pennsylvania,42,16952,159
AIDS prevalence,2008,Pennsylvania,42,16436,154.8
AIDS prevalence,2007,Pennsylvania,42,15892,150.3
AIDS prevalence,2006,Pennsylvania,42,15227,144.8
AIDS prevalence,2005,Pennsylvania,42,14332,137.10001
AIDS prevalence,2004,Pennsylvania,42,13802,132.60001
AIDS prevalence,2003,Pennsylvania,42,13224,127.7
AIDS prevalence,2002,Pennsylvania,42,12608,122.4
AIDS prevalence,2001,Pennsylvania,42,11930,116.4
AIDS prevalence,2000,Pennsylvania,42,11159,109.3
AIDS prevalence,2018,Rhode Island,44,1422,155.5
AIDS prevalence,2017,Rhode Island,44,1419,155.7
AIDS prevalence,2016,Rhode Island,44,1356,148.89999
AIDS prevalence,2015,Rhode Island,44,1340,147.39999
AIDS prevalence,2014,Rhode Island,44,1333,146.89999
AIDS prevalence,2013,Rhode Island,44,1322,146.10001
AIDS prevalence,2012,Rhode Island,44,1303,144.3
AIDS prevalence,2011,Rhode Island,44,1283,142.60001
AIDS prevalence,2010,Rhode Island,44,1271,141.39999
AIDS prevalence,2009,Rhode Island,44,1292,144.39999
AIDS prevalence,2008,Rhode Island,44,1255,140.39999
AIDS prevalence,2007,Rhode Island,44,1216,136.10001
AIDS prevalence,2006,Rhode Island,44,1152,128.60001
AIDS prevalence,2005,Rhode Island,44,1100,122.7
AIDS prevalence,2004,Rhode Island,44,1042,116
AIDS prevalence,2003,Rhode Island,44,966,107.9
AIDS prevalence,2002,Rhode Island,44,926,104.3
AIDS prevalence,2001,Rhode Island,44,877,99.699997
AIDS prevalence,2000,Rhode Island,44,826,94.800003
AIDS prevalence,2018,South Carolina^,45,8982,209.10001
AIDS prevalence,2017,South Carolina^,45,8851,209
AIDS prevalence,2016,South Carolina^,45,8680,207.89999
AIDS prevalence,2015,South Carolina^,45,8588,208.8
AIDS prevalence,2014,South Carolina^,45,8500,209.89999
AIDS prevalence,2013,South Carolina^,45,8574,214.8
AIDS prevalence,2012,South Carolina^,45,8669,220
AIDS prevalence,2011,South Carolina^,45,9679,248.5
AIDS prevalence,2010,South Carolina^,45,7734,200.5
AIDS prevalence,2009,South Carolina^,45,7269,192.3
AIDS prevalence,2008,South Carolina^,45,6982,187.10001
AIDS prevalence,2007,South Carolina^,45,6649,181.3
AIDS prevalence,2006,South Carolina^,45,6326,175.8
AIDS prevalence,2005,South Carolina^,45,5985,169.7
AIDS prevalence,2004,South Carolina^,45,5655,162.8
AIDS prevalence,2003,South Carolina^,45,5227,152.89999
AIDS prevalence,2002,South Carolina^,45,4833,143.2
AIDS prevalence,2001,South Carolina^,45,4504,135.10001
AIDS prevalence,2000,South Carolina^,45,4182,126.9
AIDS prevalence,2018,South Dakota,46,279,38.700001
AIDS prevalence,2017,South Dakota,46,264,37
AIDS prevalence,2016,South Dakota,46,251,35.599998
AIDS prevalence,2015,South Dakota,46,244,34.900002
AIDS prevalence,2014,South Dakota,46,232,33.400002
AIDS prevalence,2013,South Dakota,46,206,29.9
AIDS prevalence,2012,South Dakota,46,190,27.799999
AIDS prevalence,2011,South Dakota,46,174,25.799999
AIDS prevalence,2010,South Dakota,46,155,23.200001
AIDS prevalence,2009,South Dakota,46,154,23.1
AIDS prevalence,2008,South Dakota,46,146,22.1
AIDS prevalence,2007,South Dakota,46,141,21.5
AIDS prevalence,2006,South Dakota,46,133,20.5
AIDS prevalence,2005,South Dakota,46,118,18.4
AIDS prevalence,2004,South Dakota,46,106,16.6
AIDS prevalence,2003,South Dakota,46,97,15.4
AIDS prevalence,2002,South Dakota,46,89,14.3
AIDS prevalence,2001,South Dakota,46,84,13.6
AIDS prevalence,2000,South Dakota,46,73,11.9
AIDS prevalence,2018,Tennessee,47,8480,148.89999
AIDS prevalence,2017,Tennessee,47,8235,146.10001
AIDS prevalence,2016,Tennessee,47,8110,145.5
AIDS prevalence,2015,Tennessee,47,8199,148.5
AIDS prevalence,2014,Tennessee,47,8097,147.89999
AIDS prevalence,2013,Tennessee,47,8086,149
AIDS prevalence,2012,Tennessee,47,7792,144.7
AIDS prevalence,2011,Tennessee,47,7472,140.2
AIDS prevalence,2010,Tennessee,47,7226,136.8
AIDS prevalence,2009,Tennessee,47,6676,127.9
AIDS prevalence,2008,Tennessee,47,6397,123.7
AIDS prevalence,2007,Tennessee,47,6163,120.5
AIDS prevalence,2006,Tennessee,47,5900,116.9
AIDS prevalence,2005,Tennessee,47,5617,113.1
AIDS prevalence,2004,Tennessee,47,5196,106.1
AIDS prevalence,2003,Tennessee,47,4872,100.7
AIDS prevalence,2002,Tennessee,47,4499,94
AIDS prevalence,2001,Tennessee,47,4119,86.900002
AIDS prevalence,2000,Tennessee,47,3825,81.5
AIDS prevalence,2018,Texas,48,45617,195.7
AIDS prevalence,2017,Texas,48,44688,194.5
AIDS prevalence,2016,Texas,48,43780,193.5
AIDS prevalence,2015,Texas,48,43087,193.89999
AIDS prevalence,2014,Texas,48,42113,193.3
AIDS prevalence,2013,Texas,48,40960,191.8
AIDS prevalence,2012,Texas,48,39521,188.3
AIDS prevalence,2011,Texas,48,37894,184
AIDS prevalence,2010,Texas,48,36260,179.2
AIDS prevalence,2009,Texas,48,34716,176.5
AIDS prevalence,2008,Texas,48,33125,171.60001
AIDS prevalence,2007,Texas,48,31525,166.3
AIDS prevalence,2006,Texas,48,30134,162
AIDS prevalence,2005,Texas,48,28716,158
AIDS prevalence,2004,Texas,48,27214,152.39999
AIDS prevalence,2003,Texas,48,25689,146.2
AIDS prevalence,2002,Texas,48,24206,140.10001
AIDS prevalence,2001,Texas,48,22841,134.5
AIDS prevalence,2000,Texas,48,21525,129.10001
AIDS prevalence,2018,Utah,49,1435,57.799999
AIDS prevalence,2017,Utah,49,1384,57
AIDS prevalence,2016,Utah,49,1405,59.200001
AIDS prevalence,2015,Utah,49,1403,60.599998
AIDS prevalence,2014,Utah,49,1384,60.900002
AIDS prevalence,2013,Utah,49,1365,61.099998
AIDS prevalence,2012,Utah,49,1279,58.400002
AIDS prevalence,2011,Utah,49,1235,57.299999
AIDS prevalence,2010,Utah,49,1192,56.200001
AIDS prevalence,2009,Utah,49,1214,57.099998
AIDS prevalence,2008,Utah,49,1179,56.5
AIDS prevalence,2007,Utah,49,1133,55.5
AIDS prevalence,2006,Utah,49,1097,55.200001
AIDS prevalence,2005,Utah,49,1076,55.900002
AIDS prevalence,2004,Utah,49,1060,56.400002
AIDS prevalence,2003,Utah,49,1032,56.299999
AIDS prevalence,2002,Utah,49,999,55.599998
AIDS prevalence,2001,Utah,49,971,55.099998
AIDS prevalence,2000,Utah,49,888,51.5
AIDS prevalence,2018,Vermont,50,375,69
AIDS prevalence,2017,Vermont,50,365,67.199997
AIDS prevalence,2016,Vermont,50,349,64.400002
AIDS prevalence,2015,Vermont,50,345,63.599998
AIDS prevalence,2014,Vermont,50,333,61.5
AIDS prevalence,2013,Vermont,50,314,58
AIDS prevalence,2012,Vermont,50,299,55.400002
AIDS prevalence,2011,Vermont,50,272,50.400002
AIDS prevalence,2010,Vermont,50,255,47.5
AIDS prevalence,2009,Vermont,50,236,44.099998
AIDS prevalence,2008,Vermont,50,233,43.599998
AIDS prevalence,2007,Vermont,50,224,42.099998
AIDS prevalence,2006,Vermont,50,217,40.900002
AIDS prevalence,2005,Vermont,50,207,39.299999
AIDS prevalence,2004,Vermont,50,205,39.099998
AIDS prevalence,2003,Vermont,50,205,39.299999
AIDS prevalence,2002,Vermont,50,193,37.299999
AIDS prevalence,2001,Vermont,50,184,35.900002
AIDS prevalence,2000,Vermont,50,171,33.700001
AIDS prevalence,2018,Virginia,51,10898,152
AIDS prevalence,2017,Virginia,51,10655,149.5
AIDS prevalence,2016,Virginia,51,10341,146.2
AIDS prevalence,2015,Virginia,51,10204,145.3
AIDS prevalence,2014,Virginia,51,10133,145.3
AIDS prevalence,2013,Virginia,51,9915,143.5
AIDS prevalence,2012,Virginia,51,9950,145.39999
AIDS prevalence,2011,Virginia,51,9337,138
AIDS prevalence,2010,Virginia,51,9114,136.2
AIDS prevalence,2009,Virginia,51,8821,134.8
AIDS prevalence,2008,Virginia,51,8569,132.39999
AIDS prevalence,2007,Virginia,51,8300,129.60001
AIDS prevalence,2006,Virginia,51,7833,123.5
AIDS prevalence,2005,Virginia,51,7626,121.7
AIDS prevalence,2004,Virginia,51,7362,119.1
AIDS prevalence,2003,Virginia,51,7014,115.1
AIDS prevalence,2002,Virginia,51,6690,111.3
AIDS prevalence,2001,Virginia,51,6360,107.3
AIDS prevalence,2000,Virginia,51,5951,101.8
AIDS prevalence,2018,Washington,53,7101,112.3
AIDS prevalence,2017,Washington,53,7015,112.7
AIDS prevalence,2016,Washington,53,6872,112.4
AIDS prevalence,2015,Washington,53,6830,113.9
AIDS prevalence,2014,Washington,53,6685,113.3
AIDS prevalence,2013,Washington,53,6501,111.8
AIDS prevalence,2012,Washington,53,6331,110.1
AIDS prevalence,2011,Washington,53,6227,109.5
AIDS prevalence,2010,Washington,53,6123,109.2
AIDS prevalence,2009,Washington,53,5928,107.1
AIDS prevalence,2008,Washington,53,5729,105.1
AIDS prevalence,2007,Washington,53,5472,102
AIDS prevalence,2006,Washington,53,5239,99.099998
AIDS prevalence,2005,Washington,53,5019,96.800003
AIDS prevalence,2004,Washington,53,4827,94.5
AIDS prevalence,2003,Washington,53,4592,91.199997
AIDS prevalence,2002,Washington,53,4363,87.699997
AIDS prevalence,2001,Washington,53,4121,84
AIDS prevalence,2000,Washington,53,3895,80.699997
AIDS prevalence,2018,West Virginia,54,1003,64.900002
AIDS prevalence,2017,West Virginia,54,986,63.400002
AIDS prevalence,2016,West Virginia,54,977,62.400002
AIDS prevalence,2015,West Virginia,54,954,60.599998
AIDS prevalence,2014,West Virginia,54,986,62.400002
AIDS prevalence,2013,West Virginia,54,969,61.299999
AIDS prevalence,2012,West Virginia,54,990,62.5
AIDS prevalence,2011,West Virginia,54,934,59
AIDS prevalence,2010,West Virginia,54,889,56.299999
AIDS prevalence,2009,West Virginia,54,756,48.900002
AIDS prevalence,2008,West Virginia,54,730,47.400002
AIDS prevalence,2007,West Virginia,54,705,45.799999
AIDS prevalence,2006,West Virginia,54,677,44.099998
AIDS prevalence,2005,West Virginia,54,641,41.900002
AIDS prevalence,2004,West Virginia,54,607,39.700001
AIDS prevalence,2003,West Virginia,54,561,36.700001
AIDS prevalence,2002,West Virginia,54,513,33.700001
AIDS prevalence,2001,West Virginia,54,476,31.299999
AIDS prevalence,2000,West Virginia,54,428,28
AIDS prevalence,2018,Wisconsin,55,3003,61.200001
AIDS prevalence,2017,Wisconsin,55,2993,61.299999
AIDS prevalence,2016,Wisconsin,55,2929,60.299999
AIDS prevalence,2015,Wisconsin,55,2892,59.700001
AIDS prevalence,2014,Wisconsin,55,2920,60.5
AIDS prevalence,2013,Wisconsin,55,2909,60.5
AIDS prevalence,2012,Wisconsin,55,2585,54.099998
AIDS prevalence,2011,Wisconsin,55,2516,52.900002
AIDS prevalence,2010,Wisconsin,55,2409,50.799999
AIDS prevalence,2009,Wisconsin,55,2323,49.200001
AIDS prevalence,2008,Wisconsin,55,2234,47.599998
AIDS prevalence,2007,Wisconsin,55,2136,45.700001
AIDS prevalence,2006,Wisconsin,55,2033,43.799999
AIDS prevalence,2005,Wisconsin,55,1955,42.400002
AIDS prevalence,2004,Wisconsin,55,1856,40.599998
AIDS prevalence,2003,Wisconsin,55,1751,38.599998
AIDS prevalence,2002,Wisconsin,55,1671,37.200001
AIDS prevalence,2001,Wisconsin,55,1591,35.700001
AIDS prevalence,2000,Wisconsin,55,1495,33.900002
AIDS prevalence,2018,Wyoming,56,172,35.700001
AIDS prevalence,2017,Wyoming,56,175,36.400002
AIDS prevalence,2016,Wyoming,56,170,35.200001
AIDS prevalence,2015,Wyoming,56,151,31.200001
AIDS prevalence,2014,Wyoming,56,144,29.9
AIDS prevalence,2013,Wyoming,56,144,29.9
AIDS prevalence,2012,Wyoming,56,147,30.9
AIDS prevalence,2011,Wyoming,56,137,29.299999
AIDS prevalence,2010,Wyoming,56,133,28.6
AIDS prevalence,2009,Wyoming,56,109,24.299999
AIDS prevalence,2008,Wyoming,56,103,23.4
AIDS prevalence,2007,Wyoming,56,93,21.5
AIDS prevalence,2006,Wyoming,56,90,21.1
AIDS prevalence,2005,Wyoming,56,88,20.9
AIDS prevalence,2004,Wyoming,56,91,21.799999
AIDS prevalence,2003,Wyoming,56,84,20.299999
AIDS prevalence,2002,Wyoming,56,79,19.200001
AIDS prevalence,2001,Wyoming,56,70,17.200001
AIDS prevalence,2000,Wyoming,56,69,17
